project,bug_ID,patch_ID,label,verdict,consistency,time
Chart,1,Chart_bug1,Correct,A,C,613.0382428169249
Chart,1,Patch1,Incorrect,A,I,613.1409575939177
Chart,1,Patch2,Incorrect,A,I,612.8272907733917
Chart,3,Chart_bug3,Correct,A,C,612.7398800849916
Chart,3,Patch4,Incorrect,A,I,612.6391320228578
Chart,5,Chart_bug5,Correct,A,C,612.2643840312958
Chart,5,Patch5,Incorrect,R,C,25.003870010375977
Chart,5,Patch6,Incorrect,R,C,25.277878522872925
Chart,5,Patch7,Incorrect,R,C,25.428236961364746
Chart,7,Chart_bug7,Correct,A,C,612.2735061645508
Chart,7,Patch8,Incorrect,A,I,612.1141002178192
Chart,9,Chart_bug9,Correct,A,C,612.515594959259
Chart,9,Patch88,Incorrect,A,I,612.1755583286284
Chart,13,Chart_bug13,Correct,A,C,612.5236625671388
Chart,13,Patch10,Incorrect,R,C,25.33898186683655
Chart,13,Patch11,Incorrect,R,C,25.64462184906006
Chart,13,Patch89,Incorrect,R,C,25.476720094680786
Chart,13,Patch9,Incorrect,R,C,11.72437858581543
Chart,14,Chart_bug14,Correct,A,C,612.6215145587921
Chart,14,Patch188,Correct,A,C,612.7386412620543
Chart,15,Chart_bug15,Correct,A,C,612.5566177368164
Chart,15,Patch12,Incorrect,R,C,27.86175513267517
Chart,15,Patch13,Incorrect,R,C,27.807121753692627
Chart,17,Chart_bug17,Correct,A,C,614.3349113464354
Chart,17,Patch90,Incorrect,A,I,625.1025061607362
Chart,19,Chart_bug19,Correct,A,C,612.3175249099731
Chart,19,Patch189,Correct,A,C,612.2319157123567
Chart,21,Chart_bug21,Correct,A,C,612.2210099697112
Chart,21,Patch14,Incorrect,R,C,25.319958448410034
Chart,21,Patch91,Incorrect,R,C,25.222684144973755
Chart,25,Chart_bug25,Correct,A,C,612.4308650493623
Chart,25,Patch15,Incorrect,R,C,28.46587538719177
Chart,25,Patch16,Incorrect,R,C,27.68862891197205
Chart,25,Patch17,Incorrect,R,C,28.209911108016968
Chart,25,Patch92,Incorrect,R,C,28.45932626724243
Chart,26,Chart_bug26,Correct,A,C,612.6634545326232
Chart,26,Patch18,Incorrect,A,I,612.3979804515839
Chart,26,Patch19,Incorrect,R,C,28.51150345802307
Chart,26,Patch93,Incorrect,R,C,28.33658599853516
Lang,7,Lang_bug7,Correct,A,C,611.3029384613038
Lang,24,162_PFL_kPAR_Patch_247_247,Correct,A,C,610.9779086112976
Lang,24,236_PFL_ACS_Patch_1_1,Correct,A,C,611.1511979103087
Lang,24,291_PFL_TBar_Patch_12_12,Correct,A,C,611.0304822921752
Lang,24,322_NFL_ACS_Patch_1_1,Correct,A,C,611.3303604125978
Lang,24,361_NFL_TBar_Patch_2414_1931,Incorrect,A,I,611.1114590167998
Lang,24,Lang_bug24,Correct,A,C,611.0421521663667
Lang,24,Patch191,Correct,A,C,611.1511280536653
Lang,35,Lang_bug35,Correct,A,C,611.1620073318481
Lang,35,Patch192,Incorrect,A,I,610.9802606105803
Lang,39,254_PFL_TBar_Patch_7_4,Correct,R,I,23.33231210708618
Lang,39,408_NFL_TBar_Patch_1350_1039,Incorrect,R,I,23.195173263549805
Lang,39,444_PFL_SimFix_Patch_17_17,Correct,R,I,22.83594036102295
Lang,39,547_NFL_SimFix_Patch_2275_2275,Correct,R,I,22.58071494102478
Lang,39,65_PFL_AVATAR_Patch_13_1,Incorrect,R,I,23.403728246688843
Lang,39,83_NFL_AVATAR_Patch_525_180,Incorrect,R,I,22.863595485687256
Lang,39,Lang_bug39,Correct,R,I,23.46890902519226
Lang,39,Patch193,Incorrect,R,C,23.225040912628174
Lang,39,Patch20,Incorrect,R,C,23.154704570770264
Lang,44,268_NFL_kPAR_Patch_3382_1595,Incorrect,A,I,610.8781652450563
Lang,44,298_NFL_Nopol_Patch_1_1,Incorrect,A,I,610.9676132202147
Lang,44,412_NFL_TBar_Patch_4046_2567,Incorrect,A,I,610.9601736068727
Lang,44,Lang_bug44,Correct,A,C,610.9129688739778
Lang,44,Patch150,Incorrect,A,I,610.9962453842162
Lang,44,Patch21,Correct,A,C,611.0422601699829
Lang,46,111_PFL_DynaMoth_Patch_1_1,Correct,R,I,22.289389610290527
Lang,46,203_PFL_Nopol_Patch_1_1,Correct,R,I,22.23967409133911
Lang,46,269_NFL_Nopol_Patch_1_1,Correct,R,I,22.24416327476501
Lang,46,343_PFL_ARJA_Patch_5_5,Correct,R,I,22.188697338104248
Lang,46,408_PFL_RSRepair-A_Patch_1738_1089,Correct,R,I,22.361931562423703
Lang,46,Lang_bug46,Correct,R,I,22.31939697265625
Lang,46,Patch22,Incorrect,R,C,10.237940549850462
Lang,51,Lang_bug51,Correct,A,C,610.8623816967009
Lang,51,Patch151,Incorrect,R,C,35.50551223754883
Lang,51,Patch23,Incorrect,R,C,24.981378078460693
Lang,53,225_NFL_kPAR_Patch_1593_845,Incorrect,R,C,10.295715808868408
Lang,53,279_NFL_Nopol_Patch_1_1,Incorrect,A,I,610.827757358551
Lang,53,Lang_bug53,Correct,A,C,610.9033939838408
Lang,53,Patch152,Incorrect,A,I,610.8173189163207
Lang,53,Patch24,Incorrect,A,I,610.7501409053802
Lang,55,113_PFL_DynaMoth_Patch_1_1,Correct,A,C,611.1509940624238
Lang,55,206_PFL_Nopol_Patch_1_1,Incorrect,A,I,611.1962563991548
Lang,55,285_NFL_Nopol_Patch_1_1,Incorrect,A,I,611.1289038658143
Lang,55,Lang_bug55,Correct,A,C,611.3312468528748
Lang,55,Patch25,Correct,A,C,611.1910221576692
Lang,57,Lang_bug57,Correct,A,C,610.8418867588042
Lang,57,PatchHDRepair1,Correct,A,C,611.2397253513336
Lang,58,115_PFL_DynaMoth_Patch_1_1,Incorrect,R,C,22.816391706466675
Lang,58,157_PFL_kPAR_Patch_1_1,Incorrect,R,C,22.48184275627136
Lang,58,204_PFL_Nopol_Patch_1_1,Incorrect,R,C,22.992552995681766
Lang,58,227_NFL_kPAR_Patch_1889_735,Incorrect,R,C,22.95124125480652
Lang,58,286_PFL_TBar_Patch_9_9,Incorrect,R,C,22.98378276824951
Lang,58,29_PFL_AVATAR_Patch_5_5,Incorrect,A,I,610.8084056377411
Lang,58,375_NFL_TBar_Patch_1789_1078,Incorrect,R,C,22.898675203323364
Lang,58,457_PFL_SimFix_Patch_1_1,Correct,A,C,610.8414642810823
Lang,58,47_NFL_AVATAR_Patch_999_513,Incorrect,A,I,610.8146703243257
Lang,58,534_PFL_FixMiner_Patch_1_1,Incorrect,R,C,22.683959007263184
Lang,58,562_NFL_SimFix_Patch_1138_1138,Correct,A,C,610.7502567768098
Lang,58,Lang_bug58,Correct,A,C,611.0012655258179
Lang,58,Patch153,Incorrect,R,C,22.588552474975586
Lang,58,Patch26,Incorrect,R,C,22.756611585617065
Math,2,202_NFL_kPAR_Patch_155_56,Incorrect,A,I,615.3595888614656
Math,2,272_NFL_Nopol_Patch_1_1,Incorrect,A,I,615.3509387969972
Math,2,27_NFL_AVATAR_Patch_367_117,Incorrect,R,C,36.88254284858704
Math,2,345_NFL_TBar_Patch_468_285,Incorrect,A,I,615.5279841423035
Math,2,474_NFL_GenProg-A_Patch_35_11,Incorrect,A,I,615.6142594814299
Math,2,87_NFL_Kali-A_Patch_6_6,Incorrect,A,I,615.7003321647644
Math,2,Math_bug2,Correct,A,C,615.7910187244415
Math,2,Patch154,Incorrect,A,I,615.1331942081451
Math,2,Patch27,Incorrect,A,I,615.3977372646333
Math,2,Patch28,Incorrect,A,I,615.6601672172546
Math,3,248_PFL_ACS_Patch_1_1,Correct,A,C,615.2543432712555
Math,3,335_NFL_ACS_Patch_1_1,Correct,A,C,615.1405725479126
Math,3,Math_bug3,Correct,A,C,615.112603187561
Math,3,Patch194,Correct,A,C,615.3695566654205
Math,4,178_PFL_kPAR_Patch_4_2,Incorrect,R,C,14.726230144500732
Math,4,179_PFL_kPAR_Patch_2_1,Incorrect,R,C,14.472796440124512
Math,4,322_PFL_TBar_Patch_28_12,Incorrect,R,C,14.66924238204956
Math,4,323_PFL_TBar_Patch_16_6,Incorrect,R,C,17.441272735595707
Math,4,566_PFL_FixMiner_Patch_41_9,Incorrect,R,C,14.40603232383728
Math,4,567_PFL_FixMiner_Patch_24_6,Incorrect,R,C,17.163321495056152
Math,4,58_PFL_AVATAR_Patch_24_6,Incorrect,R,C,17.525235652923588
Math,4,59_PFL_AVATAR_Patch_40_11,Incorrect,R,C,14.423232316970825
Math,4,Patch155,Incorrect,R,C,14.402642488479614
Math,5,247_PFL_ACS_Patch_2_1,Correct,A,C,615.1202592849731
Math,5,334_NFL_ACS_Patch_2_1,Correct,A,C,614.9264743328093
Math,5,341_PFL_TBar_Patch_2_2,Correct,A,C,615.0532698631288
Math,5,413_NFL_TBar_Patch_2_2,Correct,A,C,614.7362871170044
Math,5,440_PFL_RSRepair-A_Patch_510_172,Correct,A,C,615.1196947097777
Math,5,491_PFL_SimFix_Patch_1_1,Correct,A,C,615.1088843345643
Math,5,611_NFL_SimFix_Patch_1_1,Correct,A,C,614.9845528602599
Math,5,Math_bug5,Correct,A,C,615.0162150859833
Math,5,Patch196,Correct,A,C,615.4147069454192
Math,5,Patch29,Correct,A,C,615.2852816581726
Math,7,247_NFL_kPAR_Patch_405_243,Incorrect,A,I,23.528697967529297
Math,7,291_NFL_Nopol_Patch_1_1,Incorrect,A,I,23.84446692466736
Math,7,Math_bug7,Correct,A,C,23.53444075584412
Math,8,143_PFL_kPAR_Patch_14_3,Incorrect,A,I,615.3780925273895
Math,8,155_NFL_DynaMoth_Patch_1_1,Incorrect,R,C,29.692809343338013
Math,8,210_NFL_kPAR_Patch_41_6,Incorrect,A,I,615.373295545578
Math,8,356_NFL_TBar_Patch_47_16,Incorrect,R,C,29.76327657699585
Math,8,449_PFL_SimFix_Patch_78_78,Incorrect,R,C,29.69022583961487
Math,8,550_NFL_SimFix_Patch_78_78,Incorrect,R,C,29.69892764091492
Math,8,Math_bug8,Correct,A,C,615.2691171169281
Math,8,Patch30,Incorrect,R,C,29.72780203819275
Math,8,Patch31,Incorrect,R,C,29.53899550437927
Math,22,572_PFL_FixMiner_Patch_2_2,Incorrect,R,C,13.98384165763855
Math,22,573_PFL_FixMiner_Patch_1_1,Incorrect,R,C,17.36998963356018
Math,22,PatchHDRepair3,Incorrect,R,C,17.24107050895691
Math,24,Math_bug24,Correct,A,C,615.3446230888368
Math,24,Patch157,Incorrect,R,C,29.32029318809509
Math,25,245_PFL_ACS_Patch_2_2,Correct,A,C,614.4911890029907
Math,25,Math_bug25,Correct,A,C,615.2784242630005
Math,25,Patch197,Correct,A,C,614.7283329963684
Math,28,120_PFL_DynaMoth_Patch_1_1,Incorrect,R,C,30.634056091308594
Math,28,324_NFL_ACS_Patch_2_1,Incorrect,R,C,30.972251176834106
Math,28,365_PFL_ARJA_Patch_2_1,Incorrect,R,C,30.86603307723999
Math,28,398_PFL_GenProg-A_Patch_5_2,Incorrect,R,C,31.13278079032898
Math,28,430_PFL_RSRepair-A_Patch_4_1,Incorrect,R,C,30.85910153388977
Math,28,456_NFL_ARJA_Patch_6_6,Incorrect,R,C,30.85093426704407
Math,28,49_PFL_AVATAR_Patch_29,Incorrect,R,C,30.965888261795047
Math,28,526_NFL_RSRepair-A_Patch_28_11,Incorrect,R,C,30.82230830192566
Math,28,550_PFL_FixMiner_Patch_8_6,Incorrect,R,C,30.9685640335083
Math,28,97_PFL_Kali-A_Patch_1_1,Incorrect,R,C,30.919779300689697
Math,28,Math_bug28,Correct,A,C,614.84619140625
Math,28,Patch158,Incorrect,R,C,31.0660138130188
Math,28,Patch198,Incorrect,R,C,31.35597944259644
Math,28,Patch32,Incorrect,R,C,31.473317384719852
Math,28,Patch33,Incorrect,R,C,31.34100151062012
Math,32,116_PFL_DynaMoth_Patch_1_1,Incorrect,A,I,615.1615688800813
Math,32,120_NFL_Kali-A_Patch_2_2,Incorrect,A,I,615.0644271373749
Math,32,164_NFL_DynaMoth_Patch_1_1,Incorrect,A,I,614.9643466472627
Math,32,89_PFL_Kali-A_Patch_2_2,Incorrect,A,I,614.7682075500487
Math,32,Math_bug32,Correct,A,C,614.7978391647339
Math,32,Patch34,Incorrect,A,I,614.9219651222229
Math,33,205_PFL_Nopol_Patch_1_1,Incorrect,R,C,557.4233160018921
Math,33,284_NFL_Nopol_Patch_1_1,Incorrect,R,C,364.2541449069977
Math,33,480_PFL_SimFix_Patch_1_1,Correct,A,C,614.4675385951997
Math,33,520_NFL_RSRepair-A_Patch_8_3,Incorrect,R,C,446.5824670791626
Math,33,559_PFL_FixMiner_Patch_64_17,Correct,A,C,614.5392518043517
Math,33,56_PFL_AVATAR_Patch_40,Correct,A,C,614.4917335510254
Math,33,Math_bug33,Correct,A,C,614.1314775943756
Math,33,Patch159,Incorrect,R,C,232.15096759796143
Math,33,Patch36,Incorrect,R,C,139.75129723548892
Math,34,561_PFL_FixMiner_Patch_2_1,Correct,A,C,614.5549781322478
Math,34,Math_bug34,Correct,A,C,614.3221893310548
Math,34,PatchHDRepair4,Correct,A,C,614.5333807468413
Math,35,228_PFL_ACS_Patch_8_8,Correct,A,C,614.2482168674469
Math,35,314_NFL_ACS_Patch_11_11,Correct,A,C,614.340354681015
Math,35,416_NFL_ARJA_Patch_303_303,Correct,A,C,614.2529013156891
Math,35,445_PFL_SimFix_Patch_19_19,Correct,A,C,614.3679246902467
Math,35,510_PFL_FixMiner_Patch_2_2,Correct,A,C,614.2595729827882
Math,35,511_PFL_FixMiner_Patch_1_1,Incorrect,R,C,13.694666624069214
Math,35,Math_bug35,Correct,A,C,614.5938055515288
Math,35,Patch199,Correct,A,C,614.4431319236755
Math,39,Math_bug39,Correct,A,C,614.7826378345491
Math,39,Patch160,Incorrect,A,I,614.6966648101808
Math,40,248_NFL_kPAR_Patch_452_264,Incorrect,R,C,31.566088914871216
Math,40,454_NFL_ARJA_Patch_195_167,Incorrect,R,C,29.26194953918457
Math,40,490_NFL_GenProg-A_Patch_1241_726,Incorrect,R,C,30.49980163574219
Math,40,525_NFL_RSRepair-A_Patch_146_63,Incorrect,R,C,28.964304685592648
Math,40,Math_bug40,Correct,A,C,614.4998898506166
Math,40,Patch161,Incorrect,R,C,29.15627908706665
Math,40,Patch37,Incorrect,R,C,29.444882154464718
Math,40,Patch38,Incorrect,R,C,29.22686219215393
Math,41,160_NFL_DynaMoth_Patch_1_1,Incorrect,A,I,614.3800110816957
Math,41,277_NFL_Nopol_Patch_1_1,Incorrect,A,I,614.5681121349335
Math,41,482_PFL_SimFix_Patch_15_15,Correct,A,C,614.4839427471161
Math,41,598_NFL_SimFix_Patch_797_797,Correct,A,C,614.2865436077117
Math,41,Math_bug41,Correct,A,C,614.1359903812407
Math,41,Patch162,Incorrect,A,I,614.5602521896362
Math,42,209_PFL_Nopol_Patch_1_1,Incorrect,R,C,29.69719362258911
Math,42,243_NFL_kPAR_Patch_3449_1703,Incorrect,A,I,614.5226881504059
Math,42,290_NFL_Nopol_Patch_1_1,Incorrect,R,C,29.52771759033203
Math,42,Math_bug42,Correct,A,C,614.7984499931334
Math,42,Patch163,Incorrect,R,C,29.387691736221317
Math,44,578_NFL_SimFix_Patch_4783_4783,Incorrect,A,I,19.54696822166443
Math,44,Math_bug44,Correct,A,C,20.790517091751102
Math,49,112_NFL_Kali-A_Patch_7_7,Incorrect,R,C,30.31092095375061
Math,49,162_NFL_DynaMoth_Patch_1_1,Incorrect,R,C,30.87537455558777
Math,49,229_NFL_kPAR_Patch_2_1,Incorrect,A,I,614.6494214534761
Math,49,281_NFL_Nopol_Patch_1_1,Incorrect,R,C,30.7693829536438
Math,49,356_PFL_ARJA_Patch_130_99,Incorrect,A,I,614.4992825984955
Math,49,Math_bug49,Correct,A,C,614.7608771324158
Math,49,Patch165,Incorrect,R,C,30.85267519950867
Math,50,104_PFL_Kali-A_Patch_2_2,Correct,A,C,614.6505246162416
Math,50,123_PFL_DynaMoth_Patch_1_1,Correct,A,C,614.4274010658263
Math,50,143_NFL_Kali-A_Patch_2_2,Correct,A,C,614.4905059337616
Math,50,170_NFL_DynaMoth_Patch_1_1,Correct,A,C,614.7876341342926
Math,50,191_PFL_kPAR_Patch_2_2,Correct,A,C,614.578732252121
Math,50,211_PFL_Nopol_Patch_1_1,Correct,A,C,614.3999178409576
Math,50,288_PFL_TBar_Patch_4_4,Incorrect,R,C,30.635751485824585
Math,50,31_PFL_AVATAR_Patch_2_2,Incorrect,A,I,614.5819571018219
Math,50,373_PFL_ARJA_Patch_3_3,Correct,A,C,614.5517289638518
Math,50,377_NFL_TBar_Patch_1_1,Incorrect,A,I,614.6256918907167
Math,50,405_PFL_GenProg-A_Patch_2_2,Correct,A,C,614.4305157661437
Math,50,437_PFL_RSRepair-A_Patch_2_2,Correct,A,C,614.3988475799559
Math,50,463_PFL_SimFix_Patch_18_18,Incorrect,A,I,614.4955189228058
Math,50,50_NFL_AVATAR_Patch_8_7,Incorrect,A,I,614.6274030208588
Math,50,536_PFL_FixMiner_Patch_2_2,Incorrect,A,I,614.6647429466248
Math,50,569_NFL_SimFix_Patch_18_18,Incorrect,A,I,614.56760430336
Math,50,645_NFL_FixMiner_Patch_26_20,Incorrect,A,I,614.5894510746002
Math,50,Math_bug50,Correct,A,C,614.4379212856293
Math,50,Patch166,Incorrect,R,C,30.74365496635437
Math,50,Patch44,Correct,A,C,614.7058608531953
Math,50,Patch45,Correct,A,C,614.4771144390106
Math,50,Patch46,Correct,A,C,614.6798703670503
Math,50,PatchHDRepair5,Incorrect,A,I,614.5400340557097
Math,53,357_PFL_ARJA_Patch_61_50,Incorrect,A,I,613.0717628002168
Math,53,421_PFL_RSRepair-A_Patch_4_3,Incorrect,A,I,612.8650007247925
Math,53,473_PFL_SimFix_Patch_2_2,Correct,A,C,612.6496307849884
Math,53,584_NFL_SimFix_Patch_2_2,Correct,A,C,612.8364806175233
Math,53,Math_bug53,Correct,A,C,612.8428499698639
Math,53,Patch47,Correct,A,C,613.1384289264679
Math,53,PatchHDRepair6,Incorrect,R,C,26.466480255126953
Math,57,26_NFL_AVATAR_Patch_447_97,Incorrect,A,I,622.4179019927979
Math,57,333_PFL_TBar_Patch_1_1,Correct,A,C,613.6516613960266
Math,57,410_NFL_TBar_Patch_16_7,Correct,A,C,612.711549282074
Math,57,486_PFL_SimFix_Patch_16_16,Correct,A,C,612.8422811031343
Math,57,574_PFL_FixMiner_Patch_1_1,Correct,A,C,613.338835477829
Math,57,605_NFL_SimFix_Patch_169_169,Correct,A,C,613.4121699333191
Math,57,Math_bug57,Correct,A,C,613.3487982749939
Math,57,Patch167,Incorrect,R,C,51.102555990219116
Math,57,Patch48,Incorrect,R,C,27.89683032035828
Math,58,171_NFL_DynaMoth_Patch_1_1,Incorrect,R,C,29.419723987579346
Math,58,176_PFL_kPAR_Patch_3_3,Correct,A,C,26.39003562927246
Math,58,249_NFL_kPAR_Patch_130_85,Correct,A,C,24.96565008163452
Math,58,299_NFL_Nopol_Patch_1_1,Incorrect,A,I,26.60553479194641
Math,58,309_PFL_TBar_Patch_2_1,Correct,A,C,26.36433959007263
Math,58,364_PFL_ARJA_Patch_1_1,Correct,A,C,26.53772759437561
Math,58,429_PFL_RSRepair-A_Patch_25_7,Correct,A,C,27.03708028793335
Math,58,455_NFL_ARJA_Patch_184_149,Correct,A,C,26.085756063461304
Math,58,543_NFL_RSRepair-A_Patch_4_3,Incorrect,R,C,29.404542922973636
Math,58,Math_bug58,Correct,A,C,26.625373363494873
Math,58,Patch168,Incorrect,A,I,30.016111850738525
Math,58,Patch49,Incorrect,A,I,26.257551193237305
Math,61,230_PFL_ACS_Patch_1_1,Correct,A,C,612.9549796581267
Math,61,316_NFL_ACS_Patch_1_1,Correct,A,C,613.4077932834625
Math,61,Math_bug61,Correct,A,C,613.2611029148103
Math,69,286_NFL_Nopol_Patch_1_1,Incorrect,R,C,27.55765390396118
Math,69,576_NFL_SimFix_Patch_63_63,Incorrect,R,C,12.902673721313475
Math,69,Math_bug69,Correct,A,C,613.685605764389
Math,69,Patch169,Incorrect,R,C,27.25366759300232
Math,70,134_PFL_kPAR_Patch_16_16,Correct,A,C,613.8537638187407
Math,70,251_PFL_TBar_Patch_28_28,Correct,A,C,613.5831077098846
Math,70,344_PFL_ARJA_Patch_16_14,Correct,A,C,613.6494519710542
Math,70,379_PFL_GenProg-A_Patch_39_7,Correct,A,C,613.6318790912627
Math,70,409_PFL_RSRepair-A_Patch_25_7,Correct,A,C,613.6179490089418
Math,70,443_PFL_SimFix_Patch_1_1,Correct,A,C,613.350088596344
Math,70,508_PFL_FixMiner_Patch_4_2,Correct,A,C,613.6445302963258
Math,70,546_NFL_SimFix_Patch_1_1,Correct,A,C,613.7157471179962
Math,70,Math_bug70,Correct,A,C,613.6150100231172
Math,70,Patch51,Correct,A,C,613.7751014232634
Math,70,PatchHDRepair7,Correct,A,C,613.8304781913757
Math,71,172_NFL_DynaMoth_Patch_1_1,Incorrect,R,C,13.038113594055176
Math,71,481_PFL_SimFix_Patch_91_91,Correct,R,I,27.71327114105225
Math,71,597_NFL_SimFix_Patch_899_899,Correct,R,I,27.36713242530823
Math,71,Math_bug71,Correct,R,I,27.78765273094177
Math,71,Patch53,Incorrect,R,C,28.57419323921204
Math,73,238_PFL_ACS_Patch_1_1,Incorrect,R,C,24.94719672203064
Math,73,293_NFL_Nopol_Patch_1_1,Incorrect,R,C,24.65039348602295
Math,73,325_NFL_ACS_Patch_1_1,Incorrect,R,C,24.762803554534912
Math,73,476_PFL_SimFix_Patch_4_4,Incorrect,R,C,24.40753412246704
Math,73,590_NFL_SimFix_Patch_4_4,Incorrect,R,C,24.3984968662262
Math,73,Math_bug73,Correct,A,C,612.4183828830719
Math,73,Patch170,Incorrect,R,C,24.7384192943573
Math,73,Patch201,Incorrect,R,C,24.6711368560791
Math,73,Patch54,Incorrect,R,C,24.6274995803833
Math,73,Patch55,Incorrect,R,C,24.7384033203125
Math,78,288_NFL_Nopol_Patch_1_1,Incorrect,R,C,26.71621775627136
Math,78,60_NFL_AVATAR_Patch_525_329,Incorrect,R,C,26.63344669342041
Math,78,Math_bug78,Correct,A,C,613.4475319385529
Math,78,Patch171,Incorrect,R,C,26.891446352005005
Math,78,Patch58,Incorrect,R,C,27.151488065719604
Math,80,121_NFL_Kali-A_Patch_13_13,Incorrect,A,I,613.3309347629547
Math,80,165_NFL_DynaMoth_Patch_1_1,Incorrect,A,I,613.497398853302
Math,80,287_NFL_Nopol_Patch_1_1,Incorrect,A,I,613.4811697006227
Math,80,296_PFL_TBar_Patch_7_1,Incorrect,A,I,613.3997480869292
Math,80,36_PFL_AVATAR_Patch_15_2,Incorrect,A,I,613.6843612194061
Math,80,383_NFL_TBar_Patch_931_596,Incorrect,A,I,613.7351324558257
Math,80,393_PFL_GenProg-A_Patch_1644_339,Incorrect,A,I,613.3707625865936
Math,80,424_PFL_RSRepair-A_Patch_353_69,Incorrect,A,I,613.4816746711731
Math,80,447_NFL_ARJA_Patch_12_11,Incorrect,A,I,613.6825740337373
Math,80,469_PFL_SimFix_Patch_6_6,Incorrect,A,I,613.704238653183
Math,80,486_NFL_GenProg-A_Patch_9_2,Incorrect,A,I,613.5304985046388
Math,80,521_NFL_RSRepair-A_Patch_9_7,Incorrect,A,I,613.5567200183867
Math,80,541_PFL_FixMiner_Patch_51_24,Incorrect,A,I,613.3941643238068
Math,80,577_NFL_SimFix_Patch_1091_1091,Incorrect,A,I,613.5116307735442
Math,80,649_NFL_FixMiner_Patch_4341_2826,Incorrect,A,I,614.0144712924957
Math,80,90_PFL_Kali-A_Patch_1_1,Incorrect,A,I,613.4616596698761
Math,80,Math_bug80,Correct,A,C,613.4567186832427
Math,80,Patch172,Incorrect,A,I,613.532452583313
Math,80,Patch59,Incorrect,A,I,613.3942124843597
Math,81,104_NFL_Kali-A_Patch_3_3,Incorrect,R,C,26.78057765960693
Math,81,114_PFL_DynaMoth_Patch_1_1,Incorrect,R,C,26.86055326461792
Math,81,151_PFL_kPAR_Patch_166_147,Incorrect,R,C,26.981409072875977
Math,81,158_NFL_DynaMoth_Patch_1_1,Incorrect,R,C,26.900158166885376
Math,81,232_PFL_ACS_Patch_28_1,Incorrect,R,C,26.920620441436768
Math,81,26_PFL_AVATAR_Patch_412_146,Incorrect,R,C,27.15761065483093
Math,81,276_NFL_Nopol_Patch_1_1,Incorrect,R,C,27.20975708961487
Math,81,277_PFL_TBar_Patch_844_620,Incorrect,R,C,26.971031904220578
Math,81,318_NFL_ACS_Patch_11_1,Incorrect,R,C,26.98395538330078
Math,81,352_PFL_ARJA_Patch_31_27,Incorrect,R,C,26.793128728866574
Math,81,365_NFL_TBar_Patch_75_45,Incorrect,R,C,26.763481855392453
Math,81,385_PFL_GenProg-A_Patch_5_5,Incorrect,R,C,26.960322856903076
Math,81,417_PFL_RSRepair-A_Patch_6_5,Incorrect,R,C,26.9642014503479
Math,81,42_NFL_AVATAR_Patch_108_32,Incorrect,R,C,26.74569869041443
Math,81,433_NFL_ARJA_Patch_6_5,Incorrect,R,C,26.992166996002197
Math,81,454_PFL_SimFix_Patch_3039_3039,Incorrect,R,C,27.01362228393555
Math,81,482_NFL_GenProg-A_Patch_1_1,Incorrect,R,C,26.922468423843387
Math,81,513_NFL_RSRepair-A_Patch_2_1,Incorrect,R,C,27.194125652313232
Math,81,526_PFL_FixMiner_Patch_291_217,Incorrect,R,C,26.979779481887817
Math,81,558_NFL_SimFix_Patch_642_642,Incorrect,R,C,26.77237582206726
Math,81,641_NFL_FixMiner_Patch_19_8,Incorrect,R,C,27.02603006362915
Math,81,80_PFL_Kali-A_Patch_4_4,Incorrect,R,C,26.869056463241574
Math,81,Math_bug81,Correct,A,C,613.6767013072968
Math,81,Patch173,Incorrect,R,C,27.24479389190674
Math,81,Patch202,Incorrect,R,C,26.916993379592896
Math,81,Patch62,Incorrect,R,C,27.261753797531128
Math,81,Patch63,Incorrect,R,C,26.918135166168213
Math,81,Patch64,Incorrect,A,I,613.6977679729463
Math,82,154_NFL_DynaMoth_Patch_1_1,Incorrect,R,C,36.37394213676453
Math,82,187_PFL_kPAR_Patch_1_1,Correct,A,C,613.5256485939026
Math,82,207_NFL_kPAR_Patch_646_317,Incorrect,R,C,37.16853737831116
Math,82,244_PFL_ACS_Patch_10_3,Correct,A,C,613.3967843055725
Math,82,273_NFL_Nopol_Patch_1_1,Incorrect,R,C,66.17274594306946
Math,82,327_PFL_TBar_Patch_5_5,Correct,A,C,613.5659582614899
Math,82,331_NFL_ACS_Patch_125_18,Correct,A,C,613.4514582157135
Math,82,34_NFL_AVATAR_Patch_600_284,Incorrect,R,C,34.75898313522339
Math,82,353_NFL_TBar_Patch_1326_709,Incorrect,R,C,34.456444501876824
Math,82,421_NFL_ARJA_Patch_83_49,Incorrect,R,C,63.803967237472534
Math,82,448_PFL_SimFix_Patch_5_5,Incorrect,R,C,42.39873170852661
Math,82,549_NFL_SimFix_Patch_2356_2356,Incorrect,R,C,37.47675371170044
Math,82,569_PFL_FixMiner_Patch_1_1,Correct,A,C,613.7524523735046
Math,82,61_PFL_AVATAR_Patch_1_1,Correct,A,C,613.4490303993225
Math,82,Math_bug82,Correct,A,C,613.7027223110199
Math,82,Patch203,Correct,A,C,613.456348657608
Math,82,Patch65,Incorrect,R,C,51.215264320373535
Math,82,Patch66,Incorrect,R,C,49.09589076042175
Math,82,Patch67,Incorrect,R,C,39.60968399047852
Math,82,PatchHDRepair8,Incorrect,R,C,35.06855344772339
Math,84,144_PFL_kPAR_Patch_1_1,Incorrect,R,C,26.195607662200928
Math,84,348_PFL_ARJA_Patch_53_43,Incorrect,R,C,26.904497146606445
Math,84,357_NFL_TBar_Patch_114_72,Incorrect,R,C,26.017319917678837
Math,84,412_PFL_RSRepair-A_Patch_62_43,Incorrect,R,C,26.850900411605835
Math,84,423_NFL_ARJA_Patch_520_355,Incorrect,R,C,25.91658663749695
Math,84,450_PFL_SimFix_Patch_2_2,Incorrect,R,C,26.69497036933899
Math,84,505_NFL_RSRepair-A_Patch_867_312,Incorrect,R,C,26.82416915893555
Math,84,522_PFL_FixMiner_Patch_1_1,Incorrect,R,C,26.922281742095947
Math,84,551_NFL_SimFix_Patch_26_26,Incorrect,R,C,25.971275806427002
Math,84,638_NFL_FixMiner_Patch_93_43,Incorrect,R,C,26.892529487609863
Math,84,73_PFL_Kali-A_Patch_1_1,Incorrect,R,C,27.17918276786804
Math,84,91_NFL_Kali-A_Patch_3_3,Incorrect,R,C,26.580456972122192
Math,84,Math_bug84,Correct,A,C,613.5533764362335
Math,84,Patch68,Incorrect,R,C,27.065632104873657
Math,84,Patch69,Incorrect,R,C,26.189005613327023
Math,85,118_PFL_DynaMoth_Patch_1_1,Incorrect,A,I,615.909982919693
Math,85,167_NFL_DynaMoth_Patch_1_1,Incorrect,A,I,615.6643574237822
Math,85,182_PFL_kPAR_Patch_1_1,Correct,A,C,615.8234901428223
Math,85,207_PFL_Nopol_Patch_1_1,Incorrect,A,I,615.517498254776
Math,85,240_PFL_ACS_Patch_21_1,Correct,A,C,615.7062284946443
Math,85,316_PFL_TBar_Patch_5_5,Correct,A,C,615.7281353473662
Math,85,327_NFL_ACS_Patch_15_1,Correct,A,C,615.7828538417816
Math,85,360_PFL_ARJA_Patch_1_1,Incorrect,A,I,616.4175345897676
Math,85,387_NFL_TBar_Patch_3_1,Incorrect,A,I,615.6161806583406
Math,85,394_PFL_GenProg-A_Patch_2_1,Incorrect,A,I,615.8226351737976
Math,85,425_PFL_RSRepair-A_Patch_3_1,Incorrect,A,I,615.7543437480928
Math,85,450_NFL_ARJA_Patch_22_11,Incorrect,A,I,615.7768836021422
Math,85,474_PFL_SimFix_Patch_5_5,Incorrect,R,C,29.194623470306396
Math,85,487_NFL_GenProg-A_Patch_220_40,Incorrect,A,I,616.0183296203612
Math,85,522_NFL_RSRepair-A_Patch_26_4,Incorrect,A,I,615.6489429473878
Math,85,53_PFL_AVATAR_Patch_1_1,Correct,A,C,615.7753975391387
Math,85,556_PFL_FixMiner_Patch_1_1,Correct,A,C,615.6981739997864
Math,85,585_NFL_SimFix_Patch_5_5,Incorrect,R,C,29.113389730453488
Math,85,91_PFL_Kali-A_Patch_2_2,Incorrect,A,I,615.6381072998048
Math,85,Math_bug85,Correct,A,C,615.7521255016328
Math,85,Patch174,Incorrect,A,I,615.6920247077943
Math,85,Patch204,Correct,A,C,615.771520614624
Math,85,Patch72,Incorrect,A,I,615.8496356010438
Math,85,PatchHDRepair9,Incorrect,A,I,616.1924686431885
Math,87,270_NFL_Nopol_Patch_1_1,Incorrect,A,I,615.7222518920897
Math,87,Math_bug87,Correct,A,C,615.5534605979921
Math,87,Patch175,Incorrect,A,I,615.5742712020874
Math,87,Patch73,Incorrect,A,I,615.4232792854309
Math,88,122_PFL_DynaMoth_Patch_1_1,Incorrect,A,I,615.5916354656221
Math,88,183_PFL_kPAR_Patch_99_66,Incorrect,A,I,615.640202999115
Math,88,210_PFL_Nopol_Patch_1_1,Incorrect,A,I,615.4930367469788
Math,88,257_NFL_kPAR_Patch_269_135,Incorrect,A,I,615.8726887702943
Math,88,320_PFL_TBar_Patch_198_105,Incorrect,A,I,615.8926241397858
Math,88,369_PFL_ARJA_Patch_317_260,Incorrect,A,I,615.434675693512
Math,88,404_NFL_TBar_Patch_593_301,Incorrect,A,I,615.6468784809113
Math,88,433_PFL_RSRepair-A_Patch_67_37,Incorrect,A,I,615.7577390670776
Math,88,563_PFL_FixMiner_Patch_9909_5900,Incorrect,A,I,615.4166538715363
Math,88,57_PFL_AVATAR_Patch_117_64,Incorrect,A,I,615.7572214603424
Math,88,596_NFL_SimFix_Patch_4565_4565,Incorrect,A,I,615.564733505249
Math,88,Math_bug88,Correct,A,C,615.4663114547731
Math,88,Patch176,Incorrect,A,I,614.7717709541322
Math,88,Patch74,Incorrect,R,C,15.199334383010864
Math,89,147_PFL_kPAR_Patch_12_11,Correct,A,C,615.1630125045776
Math,89,231_PFL_ACS_Patch_1_1,Correct,A,C,615.0945448875427
Math,89,24_PFL_AVATAR_Patch_6_6,Correct,A,C,615.1865394115447
Math,89,274_PFL_TBar_Patch_14_12,Correct,A,C,615.1440060138702
Math,89,360_NFL_TBar_Patch_14_12,Correct,A,C,615.2815675735474
Math,89,Math_bug89,Correct,A,C,615.0845649242401
Math,89,Patch205,Correct,A,C,615.2508192062377
Math,90,239_PFL_ACS_Patch_1_1,Correct,A,C,615.1363399028777
Math,90,326_NFL_ACS_Patch_1_1,Correct,A,C,615.2486934661865
Math,90,Math_bug90,Correct,A,C,615.1154482364656
Math,90,Patch206,Correct,A,C,614.9847416877748
Math,93,237_PFL_ACS_Patch_5_5,Incorrect,A,I,614.4933216571808
Math,93,323_NFL_ACS_Patch_5_5,Incorrect,A,I,615.0812549591063
Math,93,Math_bug93,Correct,A,C,614.9760694503783
Math,93,Patch207,Correct,A,C,614.9792087078093
Math,95,131_NFL_Kali-A_Patch_27_27,Incorrect,R,C,27.002410411834717
Math,95,310_PFL_TBar_Patch_43_16,Incorrect,R,C,27.02597141265869
Math,95,366_PFL_ARJA_Patch_25_18,Incorrect,R,C,27.120790481567386
Math,95,397_NFL_TBar_Patch_56_20,Incorrect,R,C,26.843849420547485
Math,95,399_PFL_GenProg-A_Patch_1122_956,Incorrect,R,C,27.09667110443115
Math,95,431_PFL_RSRepair-A_Patch_20_5,Incorrect,R,C,27.094176769256592
Math,95,457_NFL_ARJA_Patch_179_153,Incorrect,R,C,27.12889814376831
Math,95,492_NFL_GenProg-A_Patch_817_386,Incorrect,R,C,27.443800926208496
Math,95,527_NFL_RSRepair-A_Patch_167_36,Incorrect,R,C,26.931076765060425
Math,95,551_PFL_FixMiner_Patch_59_19,Incorrect,R,C,27.310166358947754
Math,95,69_NFL_AVATAR_Patch_53_25,Incorrect,R,C,27.17888951301575
Math,95,98_PFL_Kali-A_Patch_1_1,Incorrect,R,C,26.800801992416385
Math,95,Math_bug95,Correct,A,C,118.20151042938231
Math,95,Patch75,Incorrect,R,C,26.138257026672363
Math,95,Patch76,Incorrect,R,C,26.96727991104126
Math,97,121_PFL_DynaMoth_Patch_1_1,Incorrect,A,I,613.4187552928926
Math,97,242_PFL_ACS_Patch_13_13,Incorrect,A,I,613.5309927463531
Math,97,328_NFL_ACS_Patch_13_13,Incorrect,A,I,613.3915979862212
Math,97,562_PFL_FixMiner_Patch_72_40,Incorrect,A,I,613.301807641983
Math,97,Math_bug97,Correct,A,C,613.5199716091156
Math,97,Patch208,Incorrect,A,I,613.3545601367949
Math,97,Patch77,Incorrect,R,C,12.91153597831726
Math,99,234_PFL_ACS_Patch_3_3,Correct,A,C,612.7605834007262
Math,99,320_NFL_ACS_Patch_3_3,Correct,A,C,612.943140745163
Math,99,Math_bug99,Correct,A,C,612.8285052776338
Math,99,Patch209,Correct,A,C,612.9587707519531
Math,104,251_NFL_kPAR_Patch_485_406,Incorrect,A,I,616.509405374527
Math,104,Math_bug104,Correct,A,C,616.3022861480712
Math,104,Patch78,Incorrect,A,I,616.6279180049896
Math,105,156_NFL_DynaMoth_Patch_1_1,Incorrect,R,C,25.76253056526184
Math,105,274_NFL_Nopol_Patch_1_1,Incorrect,R,C,26.04461693763733
Math,105,Math_bug105,Correct,A,C,614.0717809200288
Math,105,Patch177,Incorrect,R,C,25.81247568130493
Math,105,Patch79,Incorrect,R,C,26.04539918899536
Time,4,146_PFL_kPAR_Patch_12_10,Incorrect,R,C,30.977036237716675
Time,4,273_PFL_TBar_Patch_85_21,Incorrect,R,C,31.373435497283936
Time,4,Patch180,Incorrect,R,C,32.060400009155266
Time,4,Patch80,Incorrect,R,C,31.52680921554565
Time,4,Patch81,Incorrect,R,C,34.085382223129265
Time,4,Time_bug4,Correct,A,C,615.7131199836731
Time,7,201_PFL_kPAR_Patch_8_6,Correct,A,C,615.2221927642822
Time,7,338_PFL_TBar_Patch_167_35,Correct,A,C,615.2986104488373
Time,7,488_PFL_SimFix_Patch_1_1,Correct,A,C,615.4332687854768
Time,7,578_PFL_FixMiner_Patch_13_1,Correct,A,C,615.5476126670837
Time,7,68_PFL_AVATAR_Patch_115,Correct,A,C,616.0875580310823
Time,7,Patch181,Incorrect,A,I,615.5346937179564
Time,7,Time_bug7,Correct,A,C,615.8099012374877
Time,11,151_NFL_DynaMoth_Patch_15_15,Incorrect,R,C,35.84205985069275
Time,11,633_NFL_FixMiner_Patch_5839_1807,Incorrect,R,C,39.770129680633545
Time,11,Patch182,Incorrect,R,C,34.491466522216804
Time,11,Patch82,Incorrect,R,C,15.037425994873047
Time,11,Patch83,Incorrect,R,C,14.615985631942749
Time,11,Patch84,Incorrect,R,C,36.39442992210388
Time,11,Time_bug11,Correct,A,C,615.6887872219087
Time,12,Patch183,Incorrect,R,C,11.852964878082275
Time,12,Time_bug12,Correct,A,C,612.7251613140106
Time,14,296_NFL_Nopol_Patch_1_1,Incorrect,A,I,612.409202337265
Time,14,Patch184,Incorrect,R,C,31.321536302566532
Time,14,Time_bug14,Correct,A,C,612.294483423233
Time,15,246_PFL_ACS_Patch_1_1,Correct,A,C,612.0238566398622
Time,15,333_NFL_ACS_Patch_1_1,Correct,A,C,612.1506366729736
Time,15,Patch210,Correct,A,C,612.333446264267
Time,15,Time_bug15,Correct,A,C,612.2774312496185
Time,16,Patch185,Incorrect,A,I,612.5153610706328
Time,16,Time_bug16,Correct,A,C,612.5119812488556
Time,18,12_PFL_AVATAR_Patch_109,Incorrect,A,I,612.4791045188904
Time,18,Patch186,Incorrect,R,C,26.183910131454468
Time,18,Time_bug18,Correct,A,C,612.3404102325441
Time,19,170_PFL_kPAR_Patch_1_1,Correct,A,C,612.3705606460571
Time,19,300_PFL_TBar_Patch_5_5,Correct,A,C,612.4110510349274
Time,19,39_PFL_AVATAR_Patch_1,Correct,A,C,612.5021822452545
Time,19,478_PFL_SimFix_Patch_26_26,Incorrect,A,I,612.5329842567444
Time,19,543_PFL_FixMiner_Patch_1_1,Correct,A,C,612.4224450588226
Time,19,Patch187,Incorrect,A,I,612.4020304679872
Time,19,PatchHDRepair10,Correct,A,C,612.4332008361816
Time,19,Time_bug19,Correct,A,C,612.5232419967651
